record_id,train_service_path_ids,operating_date_time_zone,origin_destination_calling_pattern,resource_ids_direction,scheduled_interval,actual_or_forecast_interval,dwell_recovery_turnaround,rolling_stock_compatibility,criterion_type_and_value,criterion_unit,source_location,source_authority,source_version_effective_date,observation_date,calculation_and_unit_conversion,finding_class,counterevidence,owner,qualified_reviewer,applicability,uncertainty,status,decision_not_made,stop_or_escalation
TPC-001,unknown,unknown,unknown,unknown,unknown,unknown,unknown,unknown,unknown,unknown,unknown,unknown,unknown,unknown,unknown,baseline-required,unknown,unknown,unknown,unknown,unknown,draft,"No path platform route speed or movement decision","Stop until identifiers timetable version and approved criteria are supplied"

# Field and use contract
# Keep this file as UTF-8 CSV. One record describes one resource-occupation comparison or one explicit baseline gap. Preserve native train, service and path identifiers; do not synthesize an ID that could be mistaken for an operational code.
# `scheduled_interval` and `actual_or_forecast_interval` must include start, end and semantic event names. Preserve original time zone and operating-day convention, especially across midnight or daylight-saving changes.
# `resource_ids_direction` lists every route, junction, block or platform used in the comparison plus direction. Do not compare paths until network topology and timetable versions are compatible.
# `criterion_type_and_value` may contain only an approved separation, headway, crossing, junction, platform, reoccupation, possession or restriction rule supplied for this scope. Cite exact source section and effective date. Unknown criteria stop the finding.
# `calculation_and_unit_conversion` shows the equation, raw operands and conversions. Capacity occupancy may be calculated only as compatible occupied resource-time divided by compatible available resource-time over a defined window; never label it a safety threshold.
# `finding_class` may be compatible, interval-overlap, supplied-separation-gap, platform-incompatibility, route-conflict, turnaround-conflict, possession-intersection, restriction-intersection, version-conflict or unknown.
# `counterevidence` retains conflicting schedules, amendments, diagrams or records without silently selecting a winner.
# Every row must include source/version/date, owner, qualified reviewer, applicability, uncertainty and status. `decision_not_made` must explicitly say no path allocation, timetable publication, platform assignment, route setting, speed or movement authority was made.
# `stop_or_escalation` names the condition and authorized human role. Stop for ambiguous identities, conflicting timetable/topology versions, missing approved criteria, live-control data or any result intended for dispatch.
