record_id,port_terminal_zone_ids,vessel_call_cargo_operation_ids,cargo_cohort_definition,resource_ids,time_window_time_zone,planned_value,forecast_value,actual_value,measure_and_unit,capacity_value_unit_scope,source_location,source_authority,source_version_effective_date,observation_date,formula_and_exclusions,finding_or_bottleneck,counterevidence,owner,qualified_reviewer,applicability,uncertainty,status,decision_not_made,stop_or_escalation
TYG-001,unknown,unknown,unknown,unknown,unknown,unknown,unknown,unknown,unknown,unknown,unknown,unknown,unknown,unknown,unknown,baseline-required,unknown,unknown,unknown,unknown,unknown,draft,"No crane yard gate rail barge equipment labor or cargo dispatch","Stop until compatible scope units capacity source and authority exist"

# Use contract
# One UTF-8 CSV row represents one compatible measure or one explicit evidence gap. Preserve terminal, zone, vessel-call, cargo-operation, cargo-unit cohort and resource identifiers. Do not aggregate across incompatible terminals, cargo classes, shifts, equipment states or restricted areas.
# `measure_and_unit` may include moves, moves/hour, TEU, tonnes, slots, occupancy percent, dwell duration, rehandle count, queue length or appointment variance only when source definitions are supplied.
# Keep planned, forecast and actual values separate. `time_window_time_zone` states start/end, named time zone, elapsed or working-time basis, and exclusions.
# Productivity equals compatible move count divided by defined elapsed or working time. Occupancy equals compatible used capacity divided by compatible available capacity. Put raw operands, conversions and exclusions in `formula_and_exclusions`; do not invent crane rate, yard limit, labor ratio or target.
# `capacity_value_unit_scope` cites physical/operating capacity, available capacity and exclusions from a named current terminal authority. Unknown denominator stops an occupancy or utilization claim.
# Record reefer, dangerous-goods, out-of-gauge, bonded, maintenance and restricted areas separately. A general yard number does not apply to a special area without authority.
# Every row includes source/version/effective and observation date, owner, qualified reviewer, applicability, uncertainty and status. `decision_not_made` states no equipment/labor dispatch, stack/lift plan, appointment, gate, rail, barge or cargo-handling action.
# Stop for ambiguous cohort/resource, incompatible units, live control requests, absent dangerous-cargo restrictions, equipment-safety uncertainty, authorization excess or active safety/security event. Escalate to named terminal control and specialist roles.
